ID_location,City,Province,Region
244,Citta439,Provincia30         ,Regione3            
245,Citta440,Provincia30         ,Regione3            
246,Citta441,Provincia30         ,Regione3            
247,Citta442,Provincia30         ,Regione3            
248,Citta443,Provincia30         ,Regione3            
249,Citta444,Provincia30         ,Regione3            
250,Citta445,Provincia30         ,Regione3            
251,Citta446,Provincia30         ,Regione3            
252,Citta447,Provincia30         ,Regione3            
253,Citta448,Provincia30         ,Regione3            
254,Citta449,Provincia30         ,Regione3            
255,Citta450,Provincia30         ,Regione3            
256,Citta451,Provincia31         ,Regione4            
257,Citta452,Provincia31         ,Regione4            
258,Citta453,Provincia31         ,Regione4            
259,Citta454,Provincia31         ,Regione4            
260,Citta455,Provincia31         ,Regione4            
261,Citta456,Provincia31         ,Regione4            
262,Citta457,Provincia31         ,Regione4            
263,Citta458,Provincia31         ,Regione4            
264,Citta459,Provincia31         ,Regione4            
265,Citta460,Provincia31         ,Regione4            
266,Citta461,Provincia31         ,Regione4            
267,Citta462,Provincia31         ,Regione4            
268,Citta463,Provincia31         ,Regione4            
269,Citta464,Provincia31         ,Regione4            
270,Citta465,Provincia31         ,Regione4            
271,Citta466,Provincia32         ,Regione4            
272,Citta467,Provincia32         ,Regione4            
273,Citta468,Provincia32         ,Regione4            
274,Citta469,Provincia32         ,Regione4            
275,Citta470,Provincia32         ,Regione4            
276,Citta471,Provincia32         ,Regione4            
277,Citta472,Provincia32         ,Regione4            
278,Citta473,Provincia32         ,Regione4            
279,Citta474,Provincia32         ,Regione4            
280,Citta475,Provincia32         ,Regione4            
281,Citta476,Provincia32         ,Regione4            
282,Citta477,Provincia32         ,Regione4            
283,Citta478,Provincia32         ,Regione4            
284,Citta479,Provincia32         ,Regione4            
285,Citta480,Provincia32         ,Regione4            
286,Citta481,Provincia33         ,Regione4            
287,Citta482,Provincia33         ,Regione4            
288,Citta483,Provincia33         ,Regione4            
289,Citta484,Provincia33         ,Regione4            
290,Citta485,Provincia33         ,Regione4            
291,Citta486,Provincia33         ,Regione4            
292,Citta487,Provincia33         ,Regione4            
293,Citta488,Provincia33         ,Regione4            
294,Citta489,Provincia33         ,Regione4            
295,Citta490,Provincia33         ,Regione4            
296,Citta491,Provincia33         ,Regione4            
297,Citta492,Provincia33         ,Regione4            
298,Citta493,Provincia33         ,Regione4            
299,Citta494,Provincia33         ,Regione4            
300,Citta495,Provincia33         ,Regione4            
301,Citta496,Provincia34         ,Regione4            
302,Citta497,Provincia34         ,Regione4            
303,Citta498,Provincia34         ,Regione4            
304,Citta499,Provincia34         ,Regione4            
305,Citta500,Provincia34         ,Regione4            
306,Citta501,Provincia34         ,Regione4            
307,Citta502,Provincia34         ,Regione4            
308,Citta503,Provincia34         ,Regione4            
309,Citta504,Provincia34         ,Regione4            
310,Citta505,Provincia34         ,Regione4            
311,Citta506,Provincia34         ,Regione4            
312,Citta507,Provincia34         ,Regione4            
313,Citta508,Provincia34         ,Regione4            
314,Citta509,Provincia34         ,Regione4            
315,Citta510,Provincia34         ,Regione4            
316,Citta511,Provincia35         ,Regione4            
317,Citta512,Provincia35         ,Regione4            
318,Citta513,Provincia35         ,Regione4            
319,Citta514,Provincia35         ,Regione4            
320,Citta515,Provincia35         ,Regione4            
321,Citta516,Provincia35         ,Regione4            
322,Citta517,Provincia35         ,Regione4            
323,Citta518,Provincia35         ,Regione4            
324,Citta519,Provincia35         ,Regione4            
325,Citta520,Provincia35         ,Regione4            
326,Citta521,Provincia35         ,Regione4            
327,Citta522,Provincia35         ,Regione4            
328,Citta523,Provincia35         ,Regione4            
329,Citta524,Provincia35         ,Regione4            
330,Citta525,Provincia35         ,Regione4            
331,Citta526,Provincia36         ,Regione4            
332,Citta527,Provincia36         ,Regione4            
333,Citta528,Provincia36         ,Regione4            
334,Citta529,Provincia36         ,Regione4            
335,Citta530,Provincia36         ,Regione4            
336,Citta531,Provincia36         ,Regione4            
337,Citta532,Provincia36         ,Regione4            
338,Citta533,Provincia36         ,Regione4            
339,Citta534,Provincia36         ,Regione4            
340,Citta535,Provincia36         ,Regione4            
341,Citta536,Provincia36         ,Regione4            
342,Citta537,Provincia36         ,Regione4            
343,Citta538,Provincia36         ,Regione4            
344,Citta539,Provincia36         ,Regione4            
345,Citta540,Provincia36         ,Regione4            
346,Citta541,Provincia37         ,Regione4            
347,Citta542,Provincia37         ,Regione4            
348,Citta543,Provincia37         ,Regione4            
349,Citta544,Provincia37         ,Regione4            
350,Citta545,Provincia37         ,Regione4            
351,Citta546,Provincia37         ,Regione4            
352,Citta547,Provincia37         ,Regione4            
353,Citta548,Provincia37         ,Regione4            
354,Citta549,Provincia37         ,Regione4            
355,Citta550,Provincia37         ,Regione4            
356,Citta551,Provincia37         ,Regione4            
357,Citta552,Provincia37         ,Regione4            
358,Citta553,Provincia37         ,Regione4            
359,Citta554,Provincia37         ,Regione4            
360,Citta555,Provincia37         ,Regione4            
361,Citta556,Provincia38         ,Regione4            
362,Citta557,Provincia38         ,Regione4            
363,Citta558,Provincia38         ,Regione4            
364,Citta559,Provincia38         ,Regione4            
486,Citta867,Provincia58         ,Regione6            
487,Citta868,Provincia58         ,Regione6            
488,Citta869,Provincia58         ,Regione6            
489,Citta870,Provincia58         ,Regione6            
490,Citta871,Provincia59         ,Regione6            
491,Citta872,Provincia59         ,Regione6            
492,Citta873,Provincia59         ,Regione6            
493,Citta874,Provincia59         ,Regione6            
494,Citta875,Provincia59         ,Regione6            
495,Citta876,Provincia59         ,Regione6            
496,Citta877,Provincia59         ,Regione6            
497,Citta878,Provincia59         ,Regione6            
498,Citta879,Provincia59         ,Regione6            
499,Citta880,Provincia59         ,Regione6            
500,Citta881,Provincia59         ,Regione6            
501,Citta882,Provincia59         ,Regione6            
502,Citta883,Provincia59         ,Regione6            
503,Citta884,Provincia59         ,Regione6            
504,Citta885,Provincia59         ,Regione6            
505,Citta886,Provincia60         ,Regione6            
506,Citta887,Provincia60         ,Regione6            
507,Citta888,Provincia60         ,Regione6            
508,Citta889,Provincia60         ,Regione6            
509,Citta890,Provincia60         ,Regione6            
510,Citta891,Provincia60         ,Regione6            
511,Citta892,Provincia60         ,Regione6            
512,Citta893,Provincia60         ,Regione6            
513,Citta894,Provincia60         ,Regione6            
514,Citta895,Provincia60         ,Regione6            
515,Citta896,Provincia60         ,Regione6            
516,Citta897,Provincia60         ,Regione6            
517,Citta898,Provincia60         ,Regione6            
518,Citta899,Provincia60         ,Regione6            
519,Citta900,Provincia60         ,Regione6            
520,Citta901,Provincia61         ,Regione7            
521,Citta902,Provincia61         ,Regione7            
522,Citta903,Provincia61         ,Regione7            
523,Citta904,Provincia61         ,Regione7            
524,Citta905,Provincia61         ,Regione7            
525,Citta906,Provincia61         ,Regione7            
526,Citta907,Provincia61         ,Regione7            
527,Citta908,Provincia61         ,Regione7            
528,Citta909,Provincia61         ,Regione7            
529,Citta910,Provincia61         ,Regione7            
530,Citta911,Provincia61         ,Regione7            
531,Citta912,Provincia61         ,Regione7            
532,Citta913,Provincia61         ,Regione7            
533,Citta914,Provincia61         ,Regione7            
534,Citta915,Provincia61         ,Regione7            
535,Citta916,Provincia62         ,Regione7            
536,Citta917,Provincia62         ,Regione7            
537,Citta918,Provincia62         ,Regione7            
538,Citta919,Provincia62         ,Regione7            
539,Citta920,Provincia62         ,Regione7            
540,Citta921,Provincia62         ,Regione7            
541,Citta922,Provincia62         ,Regione7            
542,Citta923,Provincia62         ,Regione7            
543,Citta924,Provincia62         ,Regione7            
544,Citta925,Provincia62         ,Regione7            
545,Citta926,Provincia62         ,Regione7            
546,Citta927,Provincia62         ,Regione7            
547,Citta928,Provincia62         ,Regione7            
548,Citta929,Provincia62         ,Regione7            
549,Citta930,Provincia62         ,Regione7            
550,Citta931,Provincia63         ,Regione7            
551,Citta932,Provincia63         ,Regione7            
552,Citta933,Provincia63         ,Regione7            
553,Citta934,Provincia63         ,Regione7            
554,Citta935,Provincia63         ,Regione7            
555,Citta936,Provincia63         ,Regione7            
556,Citta937,Provincia63         ,Regione7            
557,Citta938,Provincia63         ,Regione7            
558,Citta939,Provincia63         ,Regione7            
559,Citta568,Provincia38         ,Regione4            
560,Citta569,Provincia38         ,Regione4            
561,Citta570,Provincia38         ,Regione4            
562,Citta571,Provincia39         ,Regione4            
563,Citta572,Provincia39         ,Regione4            
564,Citta573,Provincia39         ,Regione4            
565,Citta574,Provincia39         ,Regione4            
566,Citta575,Provincia39         ,Regione4            
567,Citta576,Provincia39         ,Regione4            
568,Citta577,Provincia39         ,Regione4            
569,Citta578,Provincia39         ,Regione4            
570,Citta579,Provincia39         ,Regione4            
571,Citta580,Provincia39         ,Regione4            
572,Citta581,Provincia39         ,Regione4            
573,Citta582,Provincia39         ,Regione4            
574,Citta583,Provincia39         ,Regione4            
575,Citta584,Provincia39         ,Regione4            
576,Citta585,Provincia39         ,Regione4            
577,Citta586,Provincia40         ,Regione4            
578,Citta587,Provincia40         ,Regione4            
579,Citta588,Provincia40         ,Regione4            
580,Citta589,Provincia40         ,Regione4            
581,Citta590,Provincia40         ,Regione4            
582,Citta591,Provincia40         ,Regione4            
583,Citta592,Provincia40         ,Regione4            
584,Citta593,Provincia40         ,Regione4            
585,Citta594,Provincia40         ,Regione4            
586,Citta595,Provincia40         ,Regione4            
587,Citta596,Provincia40         ,Regione4            
588,Citta597,Provincia40         ,Regione4            
589,Citta598,Provincia40         ,Regione4            
590,Citta599,Provincia40         ,Regione4            
591,Citta600,Provincia40         ,Regione4            
592,Citta601,Provincia41         ,Regione5            
593,Citta602,Provincia41         ,Regione5            
594,Citta603,Provincia41         ,Regione5            
595,Citta604,Provincia41         ,Regione5            
596,Citta605,Provincia41         ,Regione5            
597,Citta606,Provincia41         ,Regione5            
598,Citta607,Provincia41         ,Regione5            
599,Citta608,Provincia41         ,Regione5            
600,Citta609,Provincia41         ,Regione5            
601,Citta610,Provincia41         ,Regione5            
602,Citta611,Provincia41         ,Regione5            
603,Citta612,Provincia41         ,Regione5            
604,Citta613,Provincia41         ,Regione5            
605,Citta614,Provincia41         ,Regione5            
606,Citta615,Provincia41         ,Regione5            
1,Citta196,Provincia14         ,Regione2            
2,Citta197,Provincia14         ,Regione2            
3,Citta198,Provincia14         ,Regione2            
4,Citta199,Provincia14         ,Regione2            
5,Citta200,Provincia14         ,Regione2            
6,Citta201,Provincia14         ,Regione2            
7,Citta202,Provincia14         ,Regione2            
8,Citta203,Provincia14         ,Regione2            
9,Citta204,Provincia14         ,Regione2            
10,Citta205,Provincia14         ,Regione2            
11,Citta206,Provincia14         ,Regione2            
12,Citta207,Provincia14         ,Regione2            
13,Citta208,Provincia14         ,Regione2            
14,Citta209,Provincia14         ,Regione2            
15,Citta210,Provincia14         ,Regione2            
16,Citta211,Provincia15         ,Regione2            
17,Citta212,Provincia15         ,Regione2            
18,Citta213,Provincia15         ,Regione2            
19,Citta214,Provincia15         ,Regione2            
20,Citta215,Provincia15         ,Regione2            
21,Citta216,Provincia15         ,Regione2            
22,Citta217,Provincia15         ,Regione2            
23,Citta218,Provincia15         ,Regione2            
24,Citta219,Provincia15         ,Regione2            
25,Citta220,Provincia15         ,Regione2            
26,Citta221,Provincia15         ,Regione2            
27,Citta222,Provincia15         ,Regione2            
28,Citta223,Provincia15         ,Regione2            
29,Citta224,Provincia15         ,Regione2            
30,Citta225,Provincia15         ,Regione2            
31,Citta226,Provincia16         ,Regione2            
32,Citta227,Provincia16         ,Regione2            
33,Citta228,Provincia16         ,Regione2            
34,Citta229,Provincia16         ,Regione2            
35,Citta230,Provincia16         ,Regione2            
36,Citta231,Provincia16         ,Regione2            
37,Citta232,Provincia16         ,Regione2            
38,Citta233,Provincia16         ,Regione2            
39,Citta234,Provincia16         ,Regione2            
40,Citta235,Provincia16         ,Regione2            
41,Citta236,Provincia16         ,Regione2            
42,Citta237,Provincia16         ,Regione2            
43,Citta238,Provincia16         ,Regione2            
44,Citta239,Provincia16         ,Regione2            
45,Citta240,Provincia16         ,Regione2            
46,Citta241,Provincia17         ,Regione2            
47,Citta242,Provincia17         ,Regione2            
48,Citta243,Provincia17         ,Regione2            
49,Citta244,Provincia17         ,Regione2            
50,Citta245,Provincia17         ,Regione2            
51,Citta246,Provincia17         ,Regione2            
52,Citta247,Provincia17         ,Regione2            
53,Citta248,Provincia17         ,Regione2            
54,Citta249,Provincia17         ,Regione2            
55,Citta250,Provincia17         ,Regione2            
56,Citta251,Provincia17         ,Regione2            
57,Citta252,Provincia17         ,Regione2            
58,Citta253,Provincia17         ,Regione2            
59,Citta254,Provincia17         ,Regione2            
60,Citta255,Provincia17         ,Regione2            
61,Citta256,Provincia18         ,Regione2            
62,Citta257,Provincia18         ,Regione2            
63,Citta258,Provincia18         ,Regione2            
64,Citta259,Provincia18         ,Regione2            
65,Citta260,Provincia18         ,Regione2            
66,Citta261,Provincia18         ,Regione2            
67,Citta262,Provincia18         ,Regione2            
68,Citta263,Provincia18         ,Regione2            
69,Citta264,Provincia18         ,Regione2            
70,Citta265,Provincia18         ,Regione2            
71,Citta266,Provincia18         ,Regione2            
72,Citta267,Provincia18         ,Regione2            
73,Citta268,Provincia18         ,Regione2            
74,Citta269,Provincia18         ,Regione2            
75,Citta270,Provincia18         ,Regione2            
76,Citta271,Provincia19         ,Regione2            
77,Citta272,Provincia19         ,Regione2            
78,Citta273,Provincia19         ,Regione2            
79,Citta274,Provincia19         ,Regione2            
80,Citta275,Provincia19         ,Regione2            
81,Citta276,Provincia19         ,Regione2            
82,Citta277,Provincia19         ,Regione2            
83,Citta278,Provincia19         ,Regione2            
84,Citta279,Provincia19         ,Regione2            
85,Citta280,Provincia19         ,Regione2            
86,Citta281,Provincia19         ,Regione2            
87,Citta282,Provincia19         ,Regione2            
88,Citta283,Provincia19         ,Regione2            
89,Citta284,Provincia19         ,Regione2            
90,Citta285,Provincia19         ,Regione2            
91,Citta286,Provincia20         ,Regione2            
92,Citta287,Provincia20         ,Regione2            
93,Citta288,Provincia20         ,Regione2            
94,Citta289,Provincia20         ,Regione2            
95,Citta290,Provincia20         ,Regione2            
96,Citta291,Provincia20         ,Regione2            
97,Citta292,Provincia20         ,Regione2            
98,Citta293,Provincia20         ,Regione2            
99,Citta294,Provincia20         ,Regione2            
100,Citta295,Provincia20         ,Regione2            
101,Citta296,Provincia20         ,Regione2            
102,Citta297,Provincia20         ,Regione2            
103,Citta298,Provincia20         ,Regione2            
104,Citta299,Provincia20         ,Regione2            
105,Citta300,Provincia20         ,Regione2            
106,Citta301,Provincia21         ,Regione3            
107,Citta302,Provincia21         ,Regione3            
108,Citta303,Provincia21         ,Regione3            
109,Citta304,Provincia21         ,Regione3            
110,Citta305,Provincia21         ,Regione3            
111,Citta306,Provincia21         ,Regione3            
112,Citta307,Provincia21         ,Regione3            
113,Citta308,Provincia21         ,Regione3            
114,Citta309,Provincia21         ,Regione3            
115,Citta310,Provincia21         ,Regione3            
116,Citta311,Provincia21         ,Regione3            
117,Citta312,Provincia21         ,Regione3            
118,Citta313,Provincia21         ,Regione3            
119,Citta314,Provincia21         ,Regione3            
120,Citta315,Provincia21         ,Regione3            
121,Citta316,Provincia22         ,Regione3            
122,Citta317,Provincia22         ,Regione3            
365,Citta560,Provincia38         ,Regione4            
366,Citta561,Provincia38         ,Regione4            
367,Citta562,Provincia38         ,Regione4            
368,Citta563,Provincia38         ,Regione4            
369,Citta564,Provincia38         ,Regione4            
370,Citta565,Provincia38         ,Regione4            
371,Citta566,Provincia38         ,Regione4            
372,Citta567,Provincia38         ,Regione4            
373,Citta754,Provincia51         ,Regione6            
374,Citta755,Provincia51         ,Regione6            
375,Citta756,Provincia51         ,Regione6            
376,Citta757,Provincia51         ,Regione6            
377,Citta758,Provincia51         ,Regione6            
378,Citta759,Provincia51         ,Regione6            
379,Citta760,Provincia51         ,Regione6            
380,Citta761,Provincia51         ,Regione6            
381,Citta762,Provincia51         ,Regione6            
382,Citta763,Provincia51         ,Regione6            
383,Citta764,Provincia51         ,Regione6            
384,Citta765,Provincia51         ,Regione6            
385,Citta766,Provincia52         ,Regione6            
386,Citta767,Provincia52         ,Regione6            
387,Citta768,Provincia52         ,Regione6            
388,Citta769,Provincia52         ,Regione6            
389,Citta770,Provincia52         ,Regione6            
390,Citta771,Provincia52         ,Regione6            
391,Citta772,Provincia52         ,Regione6            
392,Citta773,Provincia52         ,Regione6            
393,Citta774,Provincia52         ,Regione6            
394,Citta775,Provincia52         ,Regione6            
395,Citta776,Provincia52         ,Regione6            
396,Citta777,Provincia52         ,Regione6            
397,Citta778,Provincia52         ,Regione6            
398,Citta779,Provincia52         ,Regione6            
399,Citta780,Provincia52         ,Regione6            
400,Citta781,Provincia53         ,Regione6            
401,Citta782,Provincia53         ,Regione6            
402,Citta783,Provincia53         ,Regione6            
403,Citta784,Provincia53         ,Regione6            
404,Citta785,Provincia53         ,Regione6            
405,Citta786,Provincia53         ,Regione6            
406,Citta787,Provincia53         ,Regione6            
407,Citta788,Provincia53         ,Regione6            
408,Citta789,Provincia53         ,Regione6            
409,Citta790,Provincia53         ,Regione6            
410,Citta791,Provincia53         ,Regione6            
411,Citta792,Provincia53         ,Regione6            
412,Citta793,Provincia53         ,Regione6            
413,Citta794,Provincia53         ,Regione6            
414,Citta795,Provincia53         ,Regione6            
415,Citta796,Provincia54         ,Regione6            
416,Citta797,Provincia54         ,Regione6            
417,Citta798,Provincia54         ,Regione6            
418,Citta799,Provincia54         ,Regione6            
419,Citta800,Provincia54         ,Regione6            
420,Citta801,Provincia54         ,Regione6            
421,Citta802,Provincia54         ,Regione6            
422,Citta803,Provincia54         ,Regione6            
423,Citta804,Provincia54         ,Regione6            
424,Citta805,Provincia54         ,Regione6            
425,Citta806,Provincia54         ,Regione6            
426,Citta807,Provincia54         ,Regione6            
427,Citta808,Provincia54         ,Regione6            
428,Citta809,Provincia54         ,Regione6            
429,Citta810,Provincia54         ,Regione6            
430,Citta811,Provincia55         ,Regione6            
431,Citta812,Provincia55         ,Regione6            
432,Citta813,Provincia55         ,Regione6            
433,Citta814,Provincia55         ,Regione6            
434,Citta815,Provincia55         ,Regione6            
435,Citta816,Provincia55         ,Regione6            
436,Citta817,Provincia55         ,Regione6            
437,Citta818,Provincia55         ,Regione6            
438,Citta819,Provincia55         ,Regione6            
439,Citta820,Provincia55         ,Regione6            
440,Citta821,Provincia55         ,Regione6            
441,Citta822,Provincia55         ,Regione6            
442,Citta823,Provincia55         ,Regione6            
443,Citta824,Provincia55         ,Regione6            
444,Citta825,Provincia55         ,Regione6            
445,Citta826,Provincia56         ,Regione6            
446,Citta827,Provincia56         ,Regione6            
447,Citta828,Provincia56         ,Regione6            
448,Citta829,Provincia56         ,Regione6            
449,Citta830,Provincia56         ,Regione6            
450,Citta831,Provincia56         ,Regione6            
451,Citta832,Provincia56         ,Regione6            
452,Citta833,Provincia56         ,Regione6            
453,Citta834,Provincia56         ,Regione6            
454,Citta835,Provincia56         ,Regione6            
455,Citta836,Provincia56         ,Regione6            
456,Citta837,Provincia56         ,Regione6            
457,Citta838,Provincia56         ,Regione6            
458,Citta839,Provincia56         ,Regione6            
459,Citta840,Provincia56         ,Regione6            
460,Citta841,Provincia57         ,Regione6            
461,Citta842,Provincia57         ,Regione6            
462,Citta843,Provincia57         ,Regione6            
463,Citta844,Provincia57         ,Regione6            
464,Citta845,Provincia57         ,Regione6            
465,Citta846,Provincia57         ,Regione6            
466,Citta847,Provincia57         ,Regione6            
467,Citta848,Provincia57         ,Regione6            
468,Citta849,Provincia57         ,Regione6            
469,Citta850,Provincia57         ,Regione6            
470,Citta851,Provincia57         ,Regione6            
471,Citta852,Provincia57         ,Regione6            
472,Citta853,Provincia57         ,Regione6            
473,Citta854,Provincia57         ,Regione6            
474,Citta855,Provincia57         ,Regione6            
475,Citta856,Provincia58         ,Regione6            
476,Citta857,Provincia58         ,Regione6            
477,Citta858,Provincia58         ,Regione6            
478,Citta859,Provincia58         ,Regione6            
479,Citta860,Provincia58         ,Regione6            
480,Citta861,Provincia58         ,Regione6            
481,Citta862,Provincia58         ,Regione6            
482,Citta863,Provincia58         ,Regione6            
483,Citta864,Provincia58         ,Regione6            
484,Citta865,Provincia58         ,Regione6            
485,Citta866,Provincia58         ,Regione6            
123,Citta318,Provincia22         ,Regione3            
124,Citta319,Provincia22         ,Regione3            
125,Citta320,Provincia22         ,Regione3            
126,Citta321,Provincia22         ,Regione3            
127,Citta322,Provincia22         ,Regione3            
128,Citta323,Provincia22         ,Regione3            
129,Citta324,Provincia22         ,Regione3            
130,Citta325,Provincia22         ,Regione3            
131,Citta326,Provincia22         ,Regione3            
132,Citta327,Provincia22         ,Regione3            
133,Citta328,Provincia22         ,Regione3            
134,Citta329,Provincia22         ,Regione3            
135,Citta330,Provincia22         ,Regione3            
136,Citta331,Provincia23         ,Regione3            
137,Citta332,Provincia23         ,Regione3            
138,Citta333,Provincia23         ,Regione3            
139,Citta334,Provincia23         ,Regione3            
140,Citta335,Provincia23         ,Regione3            
141,Citta336,Provincia23         ,Regione3            
142,Citta337,Provincia23         ,Regione3            
143,Citta338,Provincia23         ,Regione3            
144,Citta339,Provincia23         ,Regione3            
145,Citta340,Provincia23         ,Regione3            
146,Citta341,Provincia23         ,Regione3            
147,Citta342,Provincia23         ,Regione3            
148,Citta343,Provincia23         ,Regione3            
149,Citta344,Provincia23         ,Regione3            
150,Citta345,Provincia23         ,Regione3            
151,Citta346,Provincia24         ,Regione3            
152,Citta347,Provincia24         ,Regione3            
153,Citta348,Provincia24         ,Regione3            
154,Citta349,Provincia24         ,Regione3            
155,Citta350,Provincia24         ,Regione3            
156,Citta351,Provincia24         ,Regione3            
157,Citta352,Provincia24         ,Regione3            
158,Citta353,Provincia24         ,Regione3            
159,Citta354,Provincia24         ,Regione3            
160,Citta355,Provincia24         ,Regione3            
161,Citta356,Provincia24         ,Regione3            
162,Citta357,Provincia24         ,Regione3            
163,Citta358,Provincia24         ,Regione3            
164,Citta359,Provincia24         ,Regione3            
165,Citta360,Provincia24         ,Regione3            
166,Citta361,Provincia25         ,Regione3            
167,Citta362,Provincia25         ,Regione3            
168,Citta363,Provincia25         ,Regione3            
169,Citta364,Provincia25         ,Regione3            
170,Citta365,Provincia25         ,Regione3            
171,Citta366,Provincia25         ,Regione3            
172,Citta367,Provincia25         ,Regione3            
173,Citta368,Provincia25         ,Regione3            
174,Citta369,Provincia25         ,Regione3            
175,Citta370,Provincia25         ,Regione3            
176,Citta371,Provincia25         ,Regione3            
177,Citta372,Provincia25         ,Regione3            
178,Citta373,Provincia25         ,Regione3            
179,Citta374,Provincia25         ,Regione3            
180,Citta375,Provincia25         ,Regione3            
181,Citta376,Provincia26         ,Regione3            
182,Citta377,Provincia26         ,Regione3            
183,Citta378,Provincia26         ,Regione3            
184,Citta379,Provincia26         ,Regione3            
185,Citta380,Provincia26         ,Regione3            
186,Citta381,Provincia26         ,Regione3            
187,Citta382,Provincia26         ,Regione3            
188,Citta383,Provincia26         ,Regione3            
189,Citta384,Provincia26         ,Regione3            
190,Citta385,Provincia26         ,Regione3            
191,Citta386,Provincia26         ,Regione3            
192,Citta387,Provincia26         ,Regione3            
193,Citta388,Provincia26         ,Regione3            
194,Citta389,Provincia26         ,Regione3            
195,Citta390,Provincia26         ,Regione3            
196,Citta391,Provincia27         ,Regione3            
197,Citta392,Provincia27         ,Regione3            
198,Citta393,Provincia27         ,Regione3            
199,Citta394,Provincia27         ,Regione3            
200,Citta395,Provincia27         ,Regione3            
201,Citta396,Provincia27         ,Regione3            
202,Citta397,Provincia27         ,Regione3            
203,Citta398,Provincia27         ,Regione3            
204,Citta399,Provincia27         ,Regione3            
205,Citta400,Provincia27         ,Regione3            
206,Citta401,Provincia27         ,Regione3            
207,Citta402,Provincia27         ,Regione3            
208,Citta403,Provincia27         ,Regione3            
209,Citta404,Provincia27         ,Regione3            
210,Citta405,Provincia27         ,Regione3            
211,Citta406,Provincia28         ,Regione3            
212,Citta407,Provincia28         ,Regione3            
213,Citta408,Provincia28         ,Regione3            
214,Citta409,Provincia28         ,Regione3            
215,Citta410,Provincia28         ,Regione3            
216,Citta411,Provincia28         ,Regione3            
217,Citta412,Provincia28         ,Regione3            
218,Citta413,Provincia28         ,Regione3            
219,Citta414,Provincia28         ,Regione3            
220,Citta415,Provincia28         ,Regione3            
221,Citta416,Provincia28         ,Regione3            
222,Citta417,Provincia28         ,Regione3            
223,Citta418,Provincia28         ,Regione3            
224,Citta419,Provincia28         ,Regione3            
225,Citta420,Provincia28         ,Regione3            
226,Citta421,Provincia29         ,Regione3            
227,Citta422,Provincia29         ,Regione3            
228,Citta423,Provincia29         ,Regione3            
229,Citta424,Provincia29         ,Regione3            
230,Citta425,Provincia29         ,Regione3            
231,Citta426,Provincia29         ,Regione3            
232,Citta427,Provincia29         ,Regione3            
233,Citta428,Provincia29         ,Regione3            
234,Citta429,Provincia29         ,Regione3            
235,Citta430,Provincia29         ,Regione3            
236,Citta431,Provincia29         ,Regione3            
237,Citta432,Provincia29         ,Regione3            
238,Citta433,Provincia29         ,Regione3            
239,Citta434,Provincia29         ,Regione3            
240,Citta435,Provincia29         ,Regione3            
241,Citta436,Provincia30         ,Regione3            
242,Citta437,Provincia30         ,Regione3            
243,Citta438,Provincia30         ,Regione3            
1089,Citta1453,Provincia97         ,Regione10           
1090,Citta1454,Provincia97         ,Regione10           
1091,Citta1455,Provincia97         ,Regione10           
1092,Citta1456,Provincia98         ,Regione10           
1093,Citta1457,Provincia98         ,Regione10           
1094,Citta1458,Provincia98         ,Regione10           
1095,Citta1459,Provincia98         ,Regione10           
1096,Citta1460,Provincia98         ,Regione10           
1097,Citta1461,Provincia98         ,Regione10           
1098,Citta1462,Provincia98         ,Regione10           
1099,Citta1463,Provincia98         ,Regione10           
1100,Citta1464,Provincia98         ,Regione10           
1101,Citta1465,Provincia98         ,Regione10           
1102,Citta1466,Provincia98         ,Regione10           
1103,Citta1467,Provincia98         ,Regione10           
1104,Citta1468,Provincia98         ,Regione10           
1105,Citta1469,Provincia98         ,Regione10           
1106,Citta1470,Provincia98         ,Regione10           
1107,Citta1471,Provincia99         ,Regione10           
1108,Citta1472,Provincia99         ,Regione10           
1109,Citta1473,Provincia99         ,Regione10           
1110,Citta1474,Provincia99         ,Regione10           
1111,Citta1475,Provincia99         ,Regione10           
1112,Citta1476,Provincia99         ,Regione10           
1113,Citta1477,Provincia99         ,Regione10           
1114,Citta1478,Provincia99         ,Regione10           
1115,Citta1479,Provincia99         ,Regione10           
1116,Citta1480,Provincia99         ,Regione10           
1117,Citta1481,Provincia99         ,Regione10           
1118,Citta1482,Provincia99         ,Regione10           
1119,Citta1483,Provincia99         ,Regione10           
1120,Citta1484,Provincia99         ,Regione10           
1121,Citta1485,Provincia99         ,Regione10           
1122,Citta1486,Provincia100        ,Regione10           
1123,Citta1487,Provincia100        ,Regione10           
1124,Citta1488,Provincia100        ,Regione10           
1125,Citta1489,Provincia100        ,Regione10           
1126,Citta1490,Provincia100        ,Regione10           
1127,Citta1491,Provincia100        ,Regione10           
1128,Citta1492,Provincia100        ,Regione10           
1129,Citta1493,Provincia100        ,Regione10           
1130,Citta1494,Provincia100        ,Regione10           
1131,Citta1495,Provincia100        ,Regione10           
1132,Citta1496,Provincia100        ,Regione10           
1133,Citta1497,Provincia100        ,Regione10           
1134,Citta1498,Provincia100        ,Regione10           
1135,Citta1499,Provincia100        ,Regione10           
1136,Citta1500,Provincia100        ,Regione10           
1137,Citta940,Provincia63         ,Regione7            
1138,Citta941,Provincia63         ,Regione7            
1139,Citta942,Provincia63         ,Regione7            
1140,Citta943,Provincia63         ,Regione7            
1141,Citta944,Provincia63         ,Regione7            
1142,Citta945,Provincia63         ,Regione7            
1143,Citta946,Provincia64         ,Regione7            
1144,Citta947,Provincia64         ,Regione7            
1145,Citta948,Provincia64         ,Regione7            
1146,Citta949,Provincia64         ,Regione7            
1147,Citta950,Provincia64         ,Regione7            
1148,Citta951,Provincia64         ,Regione7            
1149,Citta952,Provincia64         ,Regione7            
1150,Citta953,Provincia64         ,Regione7            
1151,Citta954,Provincia64         ,Regione7            
1152,Citta955,Provincia64         ,Regione7            
1153,Citta956,Provincia64         ,Regione7            
1154,Citta957,Provincia64         ,Regione7            
1155,Citta958,Provincia64         ,Regione7            
1156,Citta959,Provincia64         ,Regione7            
1157,Citta960,Provincia64         ,Regione7            
1158,Citta961,Provincia65         ,Regione7            
1159,Citta962,Provincia65         ,Regione7            
1160,Citta963,Provincia65         ,Regione7            
1161,Citta964,Provincia65         ,Regione7            
1162,Citta965,Provincia65         ,Regione7            
1163,Citta966,Provincia65         ,Regione7            
1164,Citta967,Provincia65         ,Regione7            
1165,Citta968,Provincia65         ,Regione7            
1166,Citta969,Provincia65         ,Regione7            
1167,Citta970,Provincia65         ,Regione7            
1168,Citta971,Provincia65         ,Regione7            
1169,Citta972,Provincia65         ,Regione7            
1170,Citta973,Provincia65         ,Regione7            
1171,Citta974,Provincia65         ,Regione7            
1172,Citta975,Provincia65         ,Regione7            
1173,Citta976,Provincia66         ,Regione7            
1174,Citta977,Provincia66         ,Regione7            
1175,Citta978,Provincia66         ,Regione7            
1176,Citta979,Provincia66         ,Regione7            
1177,Citta980,Provincia66         ,Regione7            
1178,Citta981,Provincia66         ,Regione7            
1179,Citta982,Provincia66         ,Regione7            
1180,Citta983,Provincia66         ,Regione7            
1181,Citta984,Provincia66         ,Regione7            
1182,Citta985,Provincia66         ,Regione7            
1183,Citta986,Provincia66         ,Regione7            
1184,Citta987,Provincia66         ,Regione7            
1185,Citta988,Provincia66         ,Regione7            
1186,Citta989,Provincia66         ,Regione7            
1187,Citta990,Provincia66         ,Regione7            
1188,Citta991,Provincia67         ,Regione7            
1189,Citta992,Provincia67         ,Regione7            
1190,Citta993,Provincia67         ,Regione7            
1191,Citta994,Provincia67         ,Regione7            
1192,Citta995,Provincia67         ,Regione7            
1193,Citta996,Provincia67         ,Regione7            
1194,Citta997,Provincia67         ,Regione7            
1195,Citta998,Provincia67         ,Regione7            
1196,Citta999,Provincia67         ,Regione7            
1197,Citta1000,Provincia67         ,Regione7            
1198,Citta1001,Provincia67         ,Regione7            
1199,Citta1002,Provincia67         ,Regione7            
1200,Citta1003,Provincia67         ,Regione7            
1201,Citta1004,Provincia67         ,Regione7            
1202,Citta1005,Provincia67         ,Regione7            
1203,Citta1006,Provincia68         ,Regione7            
1204,Citta1007,Provincia68         ,Regione7            
1205,Citta1008,Provincia68         ,Regione7            
1206,Citta1009,Provincia68         ,Regione7            
1207,Citta1010,Provincia68         ,Regione7            
1208,Citta1011,Provincia68         ,Regione7            
1447,Citta1250,Provincia84         ,Regione9            
1448,Citta1251,Provincia84         ,Regione9            
1449,Citta1252,Provincia84         ,Regione9            
1450,Citta1253,Provincia84         ,Regione9            
1451,Citta1254,Provincia84         ,Regione9            
1452,Citta1255,Provincia84         ,Regione9            
1453,Citta1256,Provincia84         ,Regione9            
1454,Citta1257,Provincia84         ,Regione9            
1455,Citta1258,Provincia84         ,Regione9            
1456,Citta1259,Provincia84         ,Regione9            
1457,Citta1260,Provincia84         ,Regione9            
1458,Citta1261,Provincia85         ,Regione9            
1459,Citta1262,Provincia85         ,Regione9            
1460,Citta1263,Provincia85         ,Regione9            
1461,Citta1264,Provincia85         ,Regione9            
1462,Citta1265,Provincia85         ,Regione9            
1463,Citta1266,Provincia85         ,Regione9            
1464,Citta1267,Provincia85         ,Regione9            
1465,Citta1268,Provincia85         ,Regione9            
1466,Citta1269,Provincia85         ,Regione9            
1467,Citta1270,Provincia85         ,Regione9            
1468,Citta1271,Provincia85         ,Regione9            
1469,Citta1272,Provincia85         ,Regione9            
1470,Citta1273,Provincia85         ,Regione9            
1471,Citta1274,Provincia85         ,Regione9            
1472,Citta1275,Provincia85         ,Regione9            
1473,Citta1276,Provincia86         ,Regione9            
1474,Citta1277,Provincia86         ,Regione9            
1475,Citta1278,Provincia86         ,Regione9            
1476,Citta1279,Provincia86         ,Regione9            
1477,Citta1280,Provincia86         ,Regione9            
1478,Citta1281,Provincia86         ,Regione9            
1479,Citta1282,Provincia86         ,Regione9            
1480,Citta1283,Provincia86         ,Regione9            
1481,Citta1284,Provincia86         ,Regione9            
1482,Citta1285,Provincia86         ,Regione9            
1483,Citta1286,Provincia86         ,Regione9            
1484,Citta1287,Provincia86         ,Regione9            
1485,Citta1288,Provincia86         ,Regione9            
1486,Citta1289,Provincia86         ,Regione9            
1487,Citta1290,Provincia86         ,Regione9            
1488,Citta1291,Provincia87         ,Regione9            
1489,Citta1292,Provincia87         ,Regione9            
1490,Citta1293,Provincia87         ,Regione9            
1491,Citta1294,Provincia87         ,Regione9            
1492,Citta1295,Provincia87         ,Regione9            
1493,Citta1296,Provincia87         ,Regione9            
1494,Citta1297,Provincia87         ,Regione9            
1495,Citta1298,Provincia87         ,Regione9            
1496,Citta1299,Provincia87         ,Regione9            
1497,Citta1300,Provincia87         ,Regione9            
1498,Citta1301,Provincia87         ,Regione9            
1499,Citta1302,Provincia87         ,Regione9            
1500,Citta1303,Provincia87         ,Regione9            
1209,Citta1012,Provincia68         ,Regione7            
1210,Citta1013,Provincia68         ,Regione7            
1211,Citta1014,Provincia68         ,Regione7            
1212,Citta1015,Provincia68         ,Regione7            
1213,Citta1016,Provincia68         ,Regione7            
1214,Citta1017,Provincia68         ,Regione7            
1215,Citta1018,Provincia68         ,Regione7            
1216,Citta1019,Provincia68         ,Regione7            
1217,Citta1020,Provincia68         ,Regione7            
1218,Citta1021,Provincia69         ,Regione7            
1219,Citta1022,Provincia69         ,Regione7            
1220,Citta1023,Provincia69         ,Regione7            
1221,Citta1024,Provincia69         ,Regione7            
1222,Citta1025,Provincia69         ,Regione7            
1223,Citta1026,Provincia69         ,Regione7            
1224,Citta1027,Provincia69         ,Regione7            
1225,Citta1028,Provincia69         ,Regione7            
1226,Citta1029,Provincia69         ,Regione7            
1227,Citta1030,Provincia69         ,Regione7            
1228,Citta1031,Provincia69         ,Regione7            
1229,Citta1032,Provincia69         ,Regione7            
1230,Citta1033,Provincia69         ,Regione7            
1231,Citta1034,Provincia69         ,Regione7            
1232,Citta1035,Provincia69         ,Regione7            
1233,Citta1036,Provincia70         ,Regione7            
1234,Citta1037,Provincia70         ,Regione7            
1235,Citta1038,Provincia70         ,Regione7            
1236,Citta1039,Provincia70         ,Regione7            
1237,Citta1040,Provincia70         ,Regione7            
1238,Citta1041,Provincia70         ,Regione7            
1239,Citta1042,Provincia70         ,Regione7            
1240,Citta1043,Provincia70         ,Regione7            
1241,Citta1044,Provincia70         ,Regione7            
1242,Citta1045,Provincia70         ,Regione7            
1243,Citta1046,Provincia70         ,Regione7            
1244,Citta1047,Provincia70         ,Regione7            
1245,Citta1048,Provincia70         ,Regione7            
1246,Citta1049,Provincia70         ,Regione7            
1247,Citta1050,Provincia70         ,Regione7            
1248,Citta1051,Provincia71         ,Regione8            
1249,Citta1052,Provincia71         ,Regione8            
1250,Citta1053,Provincia71         ,Regione8            
1251,Citta1054,Provincia71         ,Regione8            
1252,Citta1055,Provincia71         ,Regione8            
1253,Citta1056,Provincia71         ,Regione8            
1254,Citta1057,Provincia71         ,Regione8            
1255,Citta1058,Provincia71         ,Regione8            
1256,Citta1059,Provincia71         ,Regione8            
1257,Citta1060,Provincia71         ,Regione8            
1258,Citta1061,Provincia71         ,Regione8            
1259,Citta1062,Provincia71         ,Regione8            
1260,Citta1063,Provincia71         ,Regione8            
1261,Citta1064,Provincia71         ,Regione8            
1262,Citta1065,Provincia71         ,Regione8            
1263,Citta1066,Provincia72         ,Regione8            
1264,Citta1067,Provincia72         ,Regione8            
1265,Citta1068,Provincia72         ,Regione8            
1266,Citta1069,Provincia72         ,Regione8            
1267,Citta1070,Provincia72         ,Regione8            
1268,Citta1071,Provincia72         ,Regione8            
1269,Citta1072,Provincia72         ,Regione8            
1270,Citta1073,Provincia72         ,Regione8            
1271,Citta1074,Provincia72         ,Regione8            
1272,Citta1075,Provincia72         ,Regione8            
1273,Citta1076,Provincia72         ,Regione8            
1274,Citta1077,Provincia72         ,Regione8            
1275,Citta1078,Provincia72         ,Regione8            
1276,Citta1079,Provincia72         ,Regione8            
1277,Citta1080,Provincia72         ,Regione8            
1278,Citta1081,Provincia73         ,Regione8            
1279,Citta1082,Provincia73         ,Regione8            
1280,Citta1083,Provincia73         ,Regione8            
1281,Citta1084,Provincia73         ,Regione8            
1282,Citta1085,Provincia73         ,Regione8            
1283,Citta1086,Provincia73         ,Regione8            
1284,Citta1087,Provincia73         ,Regione8            
1285,Citta1088,Provincia73         ,Regione8            
1286,Citta1089,Provincia73         ,Regione8            
1287,Citta1090,Provincia73         ,Regione8            
1288,Citta1091,Provincia73         ,Regione8            
1289,Citta1092,Provincia73         ,Regione8            
1290,Citta1093,Provincia73         ,Regione8            
1291,Citta1094,Provincia73         ,Regione8            
1292,Citta1095,Provincia73         ,Regione8            
1293,Citta1096,Provincia74         ,Regione8            
1294,Citta1097,Provincia74         ,Regione8            
1295,Citta1098,Provincia74         ,Regione8            
1296,Citta1099,Provincia74         ,Regione8            
1297,Citta1100,Provincia74         ,Regione8            
1298,Citta1101,Provincia74         ,Regione8            
1299,Citta1102,Provincia74         ,Regione8            
1300,Citta1103,Provincia74         ,Regione8            
1301,Citta1104,Provincia74         ,Regione8            
1302,Citta1105,Provincia74         ,Regione8            
1303,Citta1106,Provincia74         ,Regione8            
1304,Citta1107,Provincia74         ,Regione8            
1305,Citta1108,Provincia74         ,Regione8            
1306,Citta1109,Provincia74         ,Regione8            
1307,Citta1110,Provincia74         ,Regione8            
1308,Citta1111,Provincia75         ,Regione8            
1309,Citta1112,Provincia75         ,Regione8            
1310,Citta1113,Provincia75         ,Regione8            
1311,Citta1114,Provincia75         ,Regione8            
1312,Citta1115,Provincia75         ,Regione8            
1313,Citta1116,Provincia75         ,Regione8            
1314,Citta1117,Provincia75         ,Regione8            
1315,Citta1118,Provincia75         ,Regione8            
1316,Citta1119,Provincia75         ,Regione8            
1317,Citta1120,Provincia75         ,Regione8            
1318,Citta1121,Provincia75         ,Regione8            
1319,Citta1122,Provincia75         ,Regione8            
1320,Citta1123,Provincia75         ,Regione8            
1321,Citta1124,Provincia75         ,Regione8            
1322,Citta1125,Provincia75         ,Regione8            
1323,Citta1126,Provincia76         ,Regione8            
1324,Citta1127,Provincia76         ,Regione8            
1325,Citta1128,Provincia76         ,Regione8            
1326,Citta1129,Provincia76         ,Regione8            
1327,Citta1130,Provincia76         ,Regione8            
1328,Citta1131,Provincia76         ,Regione8            
1329,Citta1132,Provincia76         ,Regione8            
1330,Citta1133,Provincia76         ,Regione8            
1331,Citta1134,Provincia76         ,Regione8            
1332,Citta1135,Provincia76         ,Regione8            
1333,Citta1136,Provincia76         ,Regione8            
1334,Citta1137,Provincia76         ,Regione8            
1335,Citta1138,Provincia76         ,Regione8            
1336,Citta1139,Provincia76         ,Regione8            
1337,Citta1140,Provincia76         ,Regione8            
1338,Citta1141,Provincia77         ,Regione8            
1339,Citta1142,Provincia77         ,Regione8            
1340,Citta1143,Provincia77         ,Regione8            
1341,Citta1144,Provincia77         ,Regione8            
1342,Citta1145,Provincia77         ,Regione8            
1343,Citta1146,Provincia77         ,Regione8            
1344,Citta1147,Provincia77         ,Regione8            
1345,Citta1148,Provincia77         ,Regione8            
1346,Citta1149,Provincia77         ,Regione8            
1347,Citta1150,Provincia77         ,Regione8            
1348,Citta1151,Provincia77         ,Regione8            
1349,Citta1152,Provincia77         ,Regione8            
1350,Citta1153,Provincia77         ,Regione8            
1351,Citta1154,Provincia77         ,Regione8            
1352,Citta1155,Provincia77         ,Regione8            
1353,Citta1156,Provincia78         ,Regione8            
1354,Citta1157,Provincia78         ,Regione8            
1355,Citta1158,Provincia78         ,Regione8            
1356,Citta1159,Provincia78         ,Regione8            
1357,Citta1160,Provincia78         ,Regione8            
1358,Citta1161,Provincia78         ,Regione8            
1359,Citta1162,Provincia78         ,Regione8            
1360,Citta1163,Provincia78         ,Regione8            
1361,Citta1164,Provincia78         ,Regione8            
1362,Citta1165,Provincia78         ,Regione8            
1363,Citta1166,Provincia78         ,Regione8            
1364,Citta1167,Provincia78         ,Regione8            
1365,Citta1168,Provincia78         ,Regione8            
1366,Citta1169,Provincia78         ,Regione8            
1367,Citta1170,Provincia78         ,Regione8            
1368,Citta1171,Provincia79         ,Regione8            
1369,Citta1172,Provincia79         ,Regione8            
1370,Citta1173,Provincia79         ,Regione8            
1371,Citta1174,Provincia79         ,Regione8            
1372,Citta1175,Provincia79         ,Regione8            
1373,Citta1176,Provincia79         ,Regione8            
1374,Citta1177,Provincia79         ,Regione8            
1375,Citta1178,Provincia79         ,Regione8            
1376,Citta1179,Provincia79         ,Regione8            
1377,Citta1180,Provincia79         ,Regione8            
1378,Citta1181,Provincia79         ,Regione8            
1379,Citta1182,Provincia79         ,Regione8            
1380,Citta1183,Provincia79         ,Regione8            
1381,Citta1184,Provincia79         ,Regione8            
1382,Citta1185,Provincia79         ,Regione8            
1383,Citta1186,Provincia80         ,Regione8            
1384,Citta1187,Provincia80         ,Regione8            
1385,Citta1188,Provincia80         ,Regione8            
1386,Citta1189,Provincia80         ,Regione8            
1387,Citta1190,Provincia80         ,Regione8            
1388,Citta1191,Provincia80         ,Regione8            
1389,Citta1192,Provincia80         ,Regione8            
1390,Citta1193,Provincia80         ,Regione8            
1391,Citta1194,Provincia80         ,Regione8            
1392,Citta1195,Provincia80         ,Regione8            
795,Citta51,Provincia4          ,Regione1            
796,Citta52,Provincia4          ,Regione1            
797,Citta53,Provincia4          ,Regione1            
798,Citta54,Provincia4          ,Regione1            
799,Citta55,Provincia4          ,Regione1            
800,Citta56,Provincia4          ,Regione1            
801,Citta57,Provincia4          ,Regione1            
802,Citta58,Provincia4          ,Regione1            
803,Citta59,Provincia4          ,Regione1            
804,Citta60,Provincia4          ,Regione1            
805,Citta61,Provincia5          ,Regione1            
806,Citta62,Provincia5          ,Regione1            
807,Citta63,Provincia5          ,Regione1            
808,Citta64,Provincia5          ,Regione1            
809,Citta65,Provincia5          ,Regione1            
810,Citta66,Provincia5          ,Regione1            
811,Citta67,Provincia5          ,Regione1            
812,Citta68,Provincia5          ,Regione1            
813,Citta69,Provincia5          ,Regione1            
814,Citta70,Provincia5          ,Regione1            
815,Citta71,Provincia5          ,Regione1            
816,Citta72,Provincia5          ,Regione1            
817,Citta73,Provincia5          ,Regione1            
818,Citta74,Provincia5          ,Regione1            
819,Citta75,Provincia5          ,Regione1            
820,Citta76,Provincia6          ,Regione1            
821,Citta77,Provincia6          ,Regione1            
822,Citta78,Provincia6          ,Regione1            
823,Citta79,Provincia6          ,Regione1            
824,Citta80,Provincia6          ,Regione1            
825,Citta81,Provincia6          ,Regione1            
826,Citta82,Provincia6          ,Regione1            
827,Citta83,Provincia6          ,Regione1            
828,Citta84,Provincia6          ,Regione1            
829,Citta85,Provincia6          ,Regione1            
830,Citta86,Provincia6          ,Regione1            
831,Citta87,Provincia6          ,Regione1            
832,Citta88,Provincia6          ,Regione1            
833,Citta89,Provincia6          ,Regione1            
834,Citta90,Provincia6          ,Regione1            
835,Citta91,Provincia7          ,Regione1            
836,Citta92,Provincia7          ,Regione1            
837,Citta93,Provincia7          ,Regione1            
838,Citta94,Provincia7          ,Regione1            
839,Citta95,Provincia7          ,Regione1            
840,Citta96,Provincia7          ,Regione1            
841,Citta97,Provincia7          ,Regione1            
842,Citta98,Provincia7          ,Regione1            
843,Citta99,Provincia7          ,Regione1            
844,Citta100,Provincia7          ,Regione1            
845,Citta101,Provincia7          ,Regione1            
846,Citta102,Provincia7          ,Regione1            
847,Citta103,Provincia7          ,Regione1            
848,Citta104,Provincia7          ,Regione1            
849,Citta105,Provincia7          ,Regione1            
1393,Citta1196,Provincia80         ,Regione8            
1394,Citta1197,Provincia80         ,Regione8            
1395,Citta1198,Provincia80         ,Regione8            
1396,Citta1199,Provincia80         ,Regione8            
1397,Citta1200,Provincia80         ,Regione8            
1398,Citta1201,Provincia81         ,Regione9            
1399,Citta1202,Provincia81         ,Regione9            
1400,Citta1203,Provincia81         ,Regione9            
1401,Citta1204,Provincia81         ,Regione9            
1402,Citta1205,Provincia81         ,Regione9            
1403,Citta1206,Provincia81         ,Regione9            
1404,Citta1207,Provincia81         ,Regione9            
1405,Citta1208,Provincia81         ,Regione9            
1406,Citta1209,Provincia81         ,Regione9            
1407,Citta1210,Provincia81         ,Regione9            
1408,Citta1211,Provincia81         ,Regione9            
1409,Citta1212,Provincia81         ,Regione9            
1410,Citta1213,Provincia81         ,Regione9            
1411,Citta1214,Provincia81         ,Regione9            
1412,Citta1215,Provincia81         ,Regione9            
1413,Citta1216,Provincia82         ,Regione9            
1414,Citta1217,Provincia82         ,Regione9            
1415,Citta1218,Provincia82         ,Regione9            
1416,Citta1219,Provincia82         ,Regione9            
1417,Citta1220,Provincia82         ,Regione9            
1418,Citta1221,Provincia82         ,Regione9            
1419,Citta1222,Provincia82         ,Regione9            
1420,Citta1223,Provincia82         ,Regione9            
1421,Citta1224,Provincia82         ,Regione9            
1422,Citta1225,Provincia82         ,Regione9            
1423,Citta1226,Provincia82         ,Regione9            
1424,Citta1227,Provincia82         ,Regione9            
1425,Citta1228,Provincia82         ,Regione9            
1426,Citta1229,Provincia82         ,Regione9            
1427,Citta1230,Provincia82         ,Regione9            
1428,Citta1231,Provincia83         ,Regione9            
1429,Citta1232,Provincia83         ,Regione9            
1430,Citta1233,Provincia83         ,Regione9            
1431,Citta1234,Provincia83         ,Regione9            
1432,Citta1235,Provincia83         ,Regione9            
1433,Citta1236,Provincia83         ,Regione9            
1434,Citta1237,Provincia83         ,Regione9            
1435,Citta1238,Provincia83         ,Regione9            
1436,Citta1239,Provincia83         ,Regione9            
1437,Citta1240,Provincia83         ,Regione9            
1438,Citta1241,Provincia83         ,Regione9            
1439,Citta1242,Provincia83         ,Regione9            
1440,Citta1243,Provincia83         ,Regione9            
1441,Citta1244,Provincia83         ,Regione9            
1442,Citta1245,Provincia83         ,Regione9            
1443,Citta1246,Provincia84         ,Regione9            
1444,Citta1247,Provincia84         ,Regione9            
1445,Citta1248,Provincia84         ,Regione9            
1446,Citta1249,Provincia84         ,Regione9            
607,Citta616,Provincia42         ,Regione5            
608,Citta617,Provincia42         ,Regione5            
609,Citta618,Provincia42         ,Regione5            
610,Citta619,Provincia42         ,Regione5            
611,Citta620,Provincia42         ,Regione5            
612,Citta621,Provincia42         ,Regione5            
613,Citta622,Provincia42         ,Regione5            
614,Citta623,Provincia42         ,Regione5            
615,Citta624,Provincia42         ,Regione5            
616,Citta625,Provincia42         ,Regione5            
617,Citta626,Provincia42         ,Regione5            
618,Citta627,Provincia42         ,Regione5            
619,Citta628,Provincia42         ,Regione5            
620,Citta629,Provincia42         ,Regione5            
621,Citta630,Provincia42         ,Regione5            
622,Citta631,Provincia43         ,Regione5            
623,Citta632,Provincia43         ,Regione5            
624,Citta633,Provincia43         ,Regione5            
625,Citta634,Provincia43         ,Regione5            
626,Citta635,Provincia43         ,Regione5            
627,Citta636,Provincia43         ,Regione5            
628,Citta637,Provincia43         ,Regione5            
629,Citta638,Provincia43         ,Regione5            
630,Citta639,Provincia43         ,Regione5            
631,Citta640,Provincia43         ,Regione5            
632,Citta641,Provincia43         ,Regione5            
633,Citta642,Provincia43         ,Regione5            
634,Citta643,Provincia43         ,Regione5            
635,Citta644,Provincia43         ,Regione5            
636,Citta645,Provincia43         ,Regione5            
637,Citta646,Provincia44         ,Regione5            
638,Citta647,Provincia44         ,Regione5            
639,Citta648,Provincia44         ,Regione5            
640,Citta649,Provincia44         ,Regione5            
641,Citta650,Provincia44         ,Regione5            
642,Citta651,Provincia44         ,Regione5            
643,Citta652,Provincia44         ,Regione5            
644,Citta653,Provincia44         ,Regione5            
645,Citta654,Provincia44         ,Regione5            
646,Citta655,Provincia44         ,Regione5            
647,Citta656,Provincia44         ,Regione5            
648,Citta657,Provincia44         ,Regione5            
649,Citta658,Provincia44         ,Regione5            
650,Citta659,Provincia44         ,Regione5            
651,Citta660,Provincia44         ,Regione5            
652,Citta661,Provincia45         ,Regione5            
653,Citta662,Provincia45         ,Regione5            
654,Citta663,Provincia45         ,Regione5            
655,Citta664,Provincia45         ,Regione5            
656,Citta665,Provincia45         ,Regione5            
657,Citta666,Provincia45         ,Regione5            
658,Citta667,Provincia45         ,Regione5            
659,Citta668,Provincia45         ,Regione5            
660,Citta669,Provincia45         ,Regione5            
661,Citta670,Provincia45         ,Regione5            
662,Citta671,Provincia45         ,Regione5            
663,Citta672,Provincia45         ,Regione5            
664,Citta673,Provincia45         ,Regione5            
665,Citta674,Provincia45         ,Regione5            
666,Citta675,Provincia45         ,Regione5            
667,Citta676,Provincia46         ,Regione5            
668,Citta677,Provincia46         ,Regione5            
669,Citta678,Provincia46         ,Regione5            
670,Citta679,Provincia46         ,Regione5            
671,Citta680,Provincia46         ,Regione5            
672,Citta681,Provincia46         ,Regione5            
673,Citta682,Provincia46         ,Regione5            
674,Citta683,Provincia46         ,Regione5            
675,Citta684,Provincia46         ,Regione5            
676,Citta685,Provincia46         ,Regione5            
677,Citta686,Provincia46         ,Regione5            
678,Citta687,Provincia46         ,Regione5            
679,Citta688,Provincia46         ,Regione5            
680,Citta689,Provincia46         ,Regione5            
681,Citta690,Provincia46         ,Regione5            
682,Citta691,Provincia47         ,Regione5            
683,Citta692,Provincia47         ,Regione5            
684,Citta693,Provincia47         ,Regione5            
685,Citta694,Provincia47         ,Regione5            
686,Citta695,Provincia47         ,Regione5            
687,Citta696,Provincia47         ,Regione5            
688,Citta697,Provincia47         ,Regione5            
689,Citta698,Provincia47         ,Regione5            
690,Citta699,Provincia47         ,Regione5            
691,Citta700,Provincia47         ,Regione5            
692,Citta701,Provincia47         ,Regione5            
693,Citta702,Provincia47         ,Regione5            
694,Citta703,Provincia47         ,Regione5            
695,Citta704,Provincia47         ,Regione5            
696,Citta705,Provincia47         ,Regione5            
697,Citta706,Provincia48         ,Regione5            
698,Citta707,Provincia48         ,Regione5            
699,Citta708,Provincia48         ,Regione5            
700,Citta709,Provincia48         ,Regione5            
701,Citta710,Provincia48         ,Regione5            
702,Citta711,Provincia48         ,Regione5            
703,Citta712,Provincia48         ,Regione5            
704,Citta713,Provincia48         ,Regione5            
705,Citta714,Provincia48         ,Regione5            
706,Citta715,Provincia48         ,Regione5            
707,Citta716,Provincia48         ,Regione5            
708,Citta717,Provincia48         ,Regione5            
709,Citta718,Provincia48         ,Regione5            
710,Citta719,Provincia48         ,Regione5            
711,Citta720,Provincia48         ,Regione5            
712,Citta721,Provincia49         ,Regione5            
713,Citta722,Provincia49         ,Regione5            
714,Citta723,Provincia49         ,Regione5            
715,Citta724,Provincia49         ,Regione5            
716,Citta725,Provincia49         ,Regione5            
717,Citta726,Provincia49         ,Regione5            
718,Citta727,Provincia49         ,Regione5            
719,Citta728,Provincia49         ,Regione5            
720,Citta729,Provincia49         ,Regione5            
721,Citta730,Provincia49         ,Regione5            
722,Citta731,Provincia49         ,Regione5            
723,Citta732,Provincia49         ,Regione5            
724,Citta733,Provincia49         ,Regione5            
725,Citta734,Provincia49         ,Regione5            
726,Citta735,Provincia49         ,Regione5            
727,Citta736,Provincia50         ,Regione5            
728,Citta737,Provincia50         ,Regione5            
729,Citta738,Provincia50         ,Regione5            
730,Citta739,Provincia50         ,Regione5            
731,Citta740,Provincia50         ,Regione5            
732,Citta741,Provincia50         ,Regione5            
733,Citta742,Provincia50         ,Regione5            
734,Citta743,Provincia50         ,Regione5            
735,Citta744,Provincia50         ,Regione5            
736,Citta745,Provincia50         ,Regione5            
737,Citta746,Provincia50         ,Regione5            
738,Citta747,Provincia50         ,Regione5            
739,Citta748,Provincia50         ,Regione5            
740,Citta749,Provincia50         ,Regione5            
741,Citta750,Provincia50         ,Regione5            
742,Citta751,Provincia51         ,Regione6            
743,Citta752,Provincia51         ,Regione6            
744,Citta753,Provincia51         ,Regione6            
745,Citta1,Provincia1          ,Regione1            
746,Citta2,Provincia1          ,Regione1            
747,Citta3,Provincia1          ,Regione1            
748,Citta4,Provincia1          ,Regione1            
749,Citta5,Provincia1          ,Regione1            
750,Citta6,Provincia1          ,Regione1            
751,Citta7,Provincia1          ,Regione1            
752,Citta8,Provincia1          ,Regione1            
753,Citta9,Provincia1          ,Regione1            
754,Citta10,Provincia1          ,Regione1            
755,Citta11,Provincia1          ,Regione1            
756,Citta12,Provincia1          ,Regione1            
757,Citta13,Provincia1          ,Regione1            
758,Citta14,Provincia1          ,Regione1            
759,Citta15,Provincia1          ,Regione1            
760,Citta16,Provincia2          ,Regione1            
761,Citta17,Provincia2          ,Regione1            
762,Citta18,Provincia2          ,Regione1            
763,Citta19,Provincia2          ,Regione1            
764,Citta20,Provincia2          ,Regione1            
765,Citta21,Provincia2          ,Regione1            
766,Citta22,Provincia2          ,Regione1            
767,Citta23,Provincia2          ,Regione1            
768,Citta24,Provincia2          ,Regione1            
769,Citta25,Provincia2          ,Regione1            
770,Citta26,Provincia2          ,Regione1            
771,Citta27,Provincia2          ,Regione1            
772,Citta28,Provincia2          ,Regione1            
773,Citta29,Provincia2          ,Regione1            
774,Citta30,Provincia2          ,Regione1            
775,Citta31,Provincia3          ,Regione1            
776,Citta32,Provincia3          ,Regione1            
777,Citta33,Provincia3          ,Regione1            
778,Citta34,Provincia3          ,Regione1            
779,Citta35,Provincia3          ,Regione1            
780,Citta36,Provincia3          ,Regione1            
781,Citta37,Provincia3          ,Regione1            
782,Citta38,Provincia3          ,Regione1            
783,Citta39,Provincia3          ,Regione1            
784,Citta40,Provincia3          ,Regione1            
785,Citta41,Provincia3          ,Regione1            
786,Citta42,Provincia3          ,Regione1            
787,Citta43,Provincia3          ,Regione1            
788,Citta44,Provincia3          ,Regione1            
789,Citta45,Provincia3          ,Regione1            
790,Citta46,Provincia4          ,Regione1            
791,Citta47,Provincia4          ,Regione1            
792,Citta48,Provincia4          ,Regione1            
793,Citta49,Provincia4          ,Regione1            
794,Citta50,Provincia4          ,Regione1            
850,Citta106,Provincia8          ,Regione1            
851,Citta107,Provincia8          ,Regione1            
852,Citta108,Provincia8          ,Regione1            
853,Citta109,Provincia8          ,Regione1            
854,Citta110,Provincia8          ,Regione1            
855,Citta111,Provincia8          ,Regione1            
856,Citta112,Provincia8          ,Regione1            
857,Citta113,Provincia8          ,Regione1            
858,Citta114,Provincia8          ,Regione1            
859,Citta115,Provincia8          ,Regione1            
860,Citta116,Provincia8          ,Regione1            
861,Citta117,Provincia8          ,Regione1            
862,Citta118,Provincia8          ,Regione1            
863,Citta119,Provincia8          ,Regione1            
864,Citta120,Provincia8          ,Regione1            
865,Citta121,Provincia9          ,Regione1            
866,Citta122,Provincia9          ,Regione1            
867,Citta123,Provincia9          ,Regione1            
868,Citta124,Provincia9          ,Regione1            
869,Citta125,Provincia9          ,Regione1            
870,Citta126,Provincia9          ,Regione1            
871,Citta127,Provincia9          ,Regione1            
872,Citta128,Provincia9          ,Regione1            
873,Citta129,Provincia9          ,Regione1            
874,Citta130,Provincia9          ,Regione1            
875,Citta131,Provincia9          ,Regione1            
876,Citta132,Provincia9          ,Regione1            
877,Citta133,Provincia9          ,Regione1            
878,Citta134,Provincia9          ,Regione1            
879,Citta135,Provincia9          ,Regione1            
880,Citta136,Provincia10         ,Regione1            
881,Citta137,Provincia10         ,Regione1            
882,Citta138,Provincia10         ,Regione1            
883,Citta139,Provincia10         ,Regione1            
884,Citta140,Provincia10         ,Regione1            
885,Citta141,Provincia10         ,Regione1            
886,Citta142,Provincia10         ,Regione1            
887,Citta143,Provincia10         ,Regione1            
888,Citta144,Provincia10         ,Regione1            
889,Citta145,Provincia10         ,Regione1            
890,Citta146,Provincia10         ,Regione1            
891,Citta147,Provincia10         ,Regione1            
892,Citta148,Provincia10         ,Regione1            
893,Citta149,Provincia10         ,Regione1            
894,Citta150,Provincia10         ,Regione1            
895,Citta151,Provincia11         ,Regione2            
896,Citta152,Provincia11         ,Regione2            
897,Citta153,Provincia11         ,Regione2            
898,Citta154,Provincia11         ,Regione2            
899,Citta155,Provincia11         ,Regione2            
900,Citta156,Provincia11         ,Regione2            
901,Citta157,Provincia11         ,Regione2            
902,Citta158,Provincia11         ,Regione2            
903,Citta159,Provincia11         ,Regione2            
904,Citta160,Provincia11         ,Regione2            
905,Citta161,Provincia11         ,Regione2            
906,Citta162,Provincia11         ,Regione2            
907,Citta163,Provincia11         ,Regione2            
908,Citta164,Provincia11         ,Regione2            
909,Citta165,Provincia11         ,Regione2            
910,Citta166,Provincia12         ,Regione2            
911,Citta167,Provincia12         ,Regione2            
912,Citta168,Provincia12         ,Regione2            
913,Citta169,Provincia12         ,Regione2            
914,Citta170,Provincia12         ,Regione2            
915,Citta171,Provincia12         ,Regione2            
916,Citta172,Provincia12         ,Regione2            
917,Citta173,Provincia12         ,Regione2            
918,Citta174,Provincia12         ,Regione2            
919,Citta175,Provincia12         ,Regione2            
920,Citta176,Provincia12         ,Regione2            
921,Citta177,Provincia12         ,Regione2            
922,Citta178,Provincia12         ,Regione2            
923,Citta179,Provincia12         ,Regione2            
924,Citta180,Provincia12         ,Regione2            
925,Citta181,Provincia13         ,Regione2            
926,Citta182,Provincia13         ,Regione2            
927,Citta183,Provincia13         ,Regione2            
928,Citta184,Provincia13         ,Regione2            
929,Citta185,Provincia13         ,Regione2            
930,Citta186,Provincia13         ,Regione2            
931,Citta187,Provincia13         ,Regione2            
932,Citta188,Provincia13         ,Regione2            
933,Citta189,Provincia13         ,Regione2            
934,Citta190,Provincia13         ,Regione2            
935,Citta191,Provincia13         ,Regione2            
936,Citta192,Provincia13         ,Regione2            
937,Citta193,Provincia13         ,Regione2            
938,Citta194,Provincia13         ,Regione2            
939,Citta195,Provincia13         ,Regione2            
940,Citta1304,Provincia87         ,Regione9            
941,Citta1305,Provincia87         ,Regione9            
942,Citta1306,Provincia88         ,Regione9            
943,Citta1307,Provincia88         ,Regione9            
944,Citta1308,Provincia88         ,Regione9            
945,Citta1309,Provincia88         ,Regione9            
946,Citta1310,Provincia88         ,Regione9            
947,Citta1311,Provincia88         ,Regione9            
948,Citta1312,Provincia88         ,Regione9            
949,Citta1313,Provincia88         ,Regione9            
950,Citta1314,Provincia88         ,Regione9            
951,Citta1315,Provincia88         ,Regione9            
952,Citta1316,Provincia88         ,Regione9            
953,Citta1317,Provincia88         ,Regione9            
954,Citta1318,Provincia88         ,Regione9            
955,Citta1319,Provincia88         ,Regione9            
956,Citta1320,Provincia88         ,Regione9            
957,Citta1321,Provincia89         ,Regione9            
958,Citta1322,Provincia89         ,Regione9            
959,Citta1323,Provincia89         ,Regione9            
960,Citta1324,Provincia89         ,Regione9            
961,Citta1325,Provincia89         ,Regione9            
962,Citta1326,Provincia89         ,Regione9            
963,Citta1327,Provincia89         ,Regione9            
964,Citta1328,Provincia89         ,Regione9            
965,Citta1329,Provincia89         ,Regione9            
966,Citta1330,Provincia89         ,Regione9            
967,Citta1331,Provincia89         ,Regione9            
968,Citta1332,Provincia89         ,Regione9            
969,Citta1333,Provincia89         ,Regione9            
970,Citta1334,Provincia89         ,Regione9            
971,Citta1335,Provincia89         ,Regione9            
972,Citta1336,Provincia90         ,Regione9            
973,Citta1337,Provincia90         ,Regione9            
974,Citta1338,Provincia90         ,Regione9            
975,Citta1339,Provincia90         ,Regione9            
976,Citta1340,Provincia90         ,Regione9            
977,Citta1341,Provincia90         ,Regione9            
978,Citta1342,Provincia90         ,Regione9            
979,Citta1343,Provincia90         ,Regione9            
980,Citta1344,Provincia90         ,Regione9            
981,Citta1345,Provincia90         ,Regione9            
982,Citta1346,Provincia90         ,Regione9            
983,Citta1347,Provincia90         ,Regione9            
984,Citta1348,Provincia90         ,Regione9            
985,Citta1349,Provincia90         ,Regione9            
986,Citta1350,Provincia90         ,Regione9            
987,Citta1351,Provincia91         ,Regione10           
988,Citta1352,Provincia91         ,Regione10           
989,Citta1353,Provincia91         ,Regione10           
990,Citta1354,Provincia91         ,Regione10           
991,Citta1355,Provincia91         ,Regione10           
992,Citta1356,Provincia91         ,Regione10           
993,Citta1357,Provincia91         ,Regione10           
994,Citta1358,Provincia91         ,Regione10           
995,Citta1359,Provincia91         ,Regione10           
996,Citta1360,Provincia91         ,Regione10           
997,Citta1361,Provincia91         ,Regione10           
998,Citta1362,Provincia91         ,Regione10           
999,Citta1363,Provincia91         ,Regione10           
1000,Citta1364,Provincia91         ,Regione10           
1001,Citta1365,Provincia91         ,Regione10           
1002,Citta1366,Provincia92         ,Regione10           
1003,Citta1367,Provincia92         ,Regione10           
1004,Citta1368,Provincia92         ,Regione10           
1005,Citta1369,Provincia92         ,Regione10           
1006,Citta1370,Provincia92         ,Regione10           
1007,Citta1371,Provincia92         ,Regione10           
1008,Citta1372,Provincia92         ,Regione10           
1009,Citta1373,Provincia92         ,Regione10           
1010,Citta1374,Provincia92         ,Regione10           
1011,Citta1375,Provincia92         ,Regione10           
1012,Citta1376,Provincia92         ,Regione10           
1013,Citta1377,Provincia92         ,Regione10           
1014,Citta1378,Provincia92         ,Regione10           
1015,Citta1379,Provincia92         ,Regione10           
1016,Citta1380,Provincia92         ,Regione10           
1017,Citta1381,Provincia93         ,Regione10           
1018,Citta1382,Provincia93         ,Regione10           
1019,Citta1383,Provincia93         ,Regione10           
1020,Citta1384,Provincia93         ,Regione10           
1021,Citta1385,Provincia93         ,Regione10           
1022,Citta1386,Provincia93         ,Regione10           
1023,Citta1387,Provincia93         ,Regione10           
1024,Citta1388,Provincia93         ,Regione10           
1025,Citta1389,Provincia93         ,Regione10           
1026,Citta1390,Provincia93         ,Regione10           
1027,Citta1391,Provincia93         ,Regione10           
1028,Citta1392,Provincia93         ,Regione10           
1029,Citta1393,Provincia93         ,Regione10           
1030,Citta1394,Provincia93         ,Regione10           
1031,Citta1395,Provincia93         ,Regione10           
1032,Citta1396,Provincia94         ,Regione10           
1033,Citta1397,Provincia94         ,Regione10           
1034,Citta1398,Provincia94         ,Regione10           
1035,Citta1399,Provincia94         ,Regione10           
1036,Citta1400,Provincia94         ,Regione10           
1037,Citta1401,Provincia94         ,Regione10           
1038,Citta1402,Provincia94         ,Regione10           
1039,Citta1403,Provincia94         ,Regione10           
1040,Citta1404,Provincia94         ,Regione10           
1041,Citta1405,Provincia94         ,Regione10           
1042,Citta1406,Provincia94         ,Regione10           
1043,Citta1407,Provincia94         ,Regione10           
1044,Citta1408,Provincia94         ,Regione10           
1045,Citta1409,Provincia94         ,Regione10           
1046,Citta1410,Provincia94         ,Regione10           
1047,Citta1411,Provincia95         ,Regione10           
1048,Citta1412,Provincia95         ,Regione10           
1049,Citta1413,Provincia95         ,Regione10           
1050,Citta1414,Provincia95         ,Regione10           
1051,Citta1415,Provincia95         ,Regione10           
1052,Citta1416,Provincia95         ,Regione10           
1053,Citta1417,Provincia95         ,Regione10           
1054,Citta1418,Provincia95         ,Regione10           
1055,Citta1419,Provincia95         ,Regione10           
1056,Citta1420,Provincia95         ,Regione10           
1057,Citta1421,Provincia95         ,Regione10           
1058,Citta1422,Provincia95         ,Regione10           
1059,Citta1423,Provincia95         ,Regione10           
1060,Citta1424,Provincia95         ,Regione10           
1061,Citta1425,Provincia95         ,Regione10           
1062,Citta1426,Provincia96         ,Regione10           
1063,Citta1427,Provincia96         ,Regione10           
1064,Citta1428,Provincia96         ,Regione10           
1065,Citta1429,Provincia96         ,Regione10           
1066,Citta1430,Provincia96         ,Regione10           
1067,Citta1431,Provincia96         ,Regione10           
1068,Citta1432,Provincia96         ,Regione10           
1069,Citta1433,Provincia96         ,Regione10           
1070,Citta1434,Provincia96         ,Regione10           
1071,Citta1435,Provincia96         ,Regione10           
1072,Citta1436,Provincia96         ,Regione10           
1073,Citta1437,Provincia96         ,Regione10           
1074,Citta1438,Provincia96         ,Regione10           
1075,Citta1439,Provincia96         ,Regione10           
1076,Citta1440,Provincia96         ,Regione10           
1077,Citta1441,Provincia97         ,Regione10           
1078,Citta1442,Provincia97         ,Regione10           
1079,Citta1443,Provincia97         ,Regione10           
1080,Citta1444,Provincia97         ,Regione10           
1081,Citta1445,Provincia97         ,Regione10           
1082,Citta1446,Provincia97         ,Regione10           
1083,Citta1447,Provincia97         ,Regione10           
1084,Citta1448,Provincia97         ,Regione10           
1085,Citta1449,Provincia97         ,Regione10           
1086,Citta1450,Provincia97         ,Regione10           
1087,Citta1451,Provincia97         ,Regione10           
1088,Citta1452,Provincia97         ,Regione10           
